seq,method,frame,gt_id,prev_pred,new_pred,cause
syn_story,b1,49,2,3,5,after_gap
syn_story,b1,56,4,4,6,after_gap
syn_story,rca,49,2,3,5,after_gap
syn_story,rca,56,4,4,6,after_gap
syn_val_06_distinct,b1,48,3,4,14,after_gap
syn_val_06_distinct,rca,48,3,4,14,after_gap
syn_val_06_distinct,rca,50,4,5,15,after_gap
syn_val_12_mixed,b1,48,9,1,13,after_gap
syn_val_12_mixed,b1,60,7,7,14,overlapped
syn_val_12_mixed,rca,37,6,9,15,overlapped
syn_val_12_mixed,rca,45,11,3,16,after_gap
syn_val_12_mixed,rca,45,10,10,17,after_gap
syn_val_12_mixed,rca,48,9,1,18,after_gap
syn_val_12_mixed,rca,60,7,7,19,overlapped
syn_val_18_similar,b1,8,9,13,12,swap_with_other_id
syn_val_18_similar,b1,9,13,7,4,swap_with_other_id
syn_val_18_similar,b1,10,16,12,13,swap_with_other_id
syn_val_18_similar,b1,11,1,2,4,swap_with_other_id
syn_val_18_similar,b1,15,15,4,7,swap_with_other_id
syn_val_18_similar,b1,19,1,4,2,other
syn_val_18_similar,b1,32,6,3,18,after_gap
syn_val_18_similar,b1,49,17,16,20,overlapped
syn_val_18_similar,b1,53,13,4,11,swap_with_other_id
syn_val_18_similar,b1,58,13,11,21,overlapped
syn_val_18_similar,b1,59,14,9,20,swap_with_other_id
syn_val_18_similar,b1,61,14,20,15,swap_with_other_id
syn_val_18_similar,b1,61,12,15,9,swap_with_other_id
syn_val_18_similar,rca,6,6,3,17,other
syn_val_18_similar,rca,8,15,4,7,swap_with_other_id
syn_val_18_similar,rca,9,15,7,18,overlapped
syn_val_18_similar,rca,12,18,5,20,other
syn_val_18_similar,rca,12,16,12,21,overlapped
syn_val_18_similar,rca,13,13,7,22,other
syn_val_18_similar,rca,16,15,18,23,other
syn_val_18_similar,rca,20,1,2,25,after_gap
syn_val_18_similar,rca,29,16,21,30,overlapped
syn_val_18_similar,rca,32,6,17,31,after_gap
syn_val_18_similar,rca,39,15,23,33,other
syn_val_18_similar,rca,49,17,16,35,overlapped
syn_val_18_similar,rca,50,18,20,36,overlapped
syn_val_18_similar,rca,54,1,25,37,after_gap
syn_val_18_similar,rca,56,8,11,40,after_gap
syn_val_18_similar,rca,56,12,15,41,overlapped
syn_val_18_similar,rca,58,15,33,42,overlapped
syn_val_18_similar,rca,58,13,22,39,overlapped
syn_val_18_similar,rca,60,14,9,43,overlapped
syn_val_18_similar,rca,69,13,39,47,other
