component,method,dets_bin,frames,mean_ms,p95_ms,fps_equiv
tracker,b0,0-10,391,0.9015508081825442,1.3023440000097253,1109.1998264811293
tracker,b0,10-30,399,1.9930157593982454,2.5354646000096177,501.7521789701912
tracker,b1,0-10,391,0.8941241406684216,1.4436309999723562,1118.412930057373
tracker,b1,10-30,399,1.9519708696769038,2.4362835999795607,512.302727225393
tracker,b2,0-10,391,0.9524020230138955,1.5174859999547152,1049.9767701411213
tracker,b2,10-30,399,2.130597208021531,2.6529756000513767,469.3519714731056
tracker,b3,0-10,391,0.8956305115108868,1.4163729999836505,1116.5318590062845
tracker,b3,10-30,399,2.076064498745914,2.6700854000296204,481.68060318167807
tracker,rca,0-10,391,0.9461704143205979,1.5643780000687002,1056.8920617942326
tracker,rca,10-30,399,2.397872092729473,3.542544100002942,417.0364228484391
embedder:colorhist,-,per crop,128,0.2273460468753541,,
