bin,method,n_windows,kappa,occ_frac,HOTA,DetA,AssA,IDF1,MOTA,IDSW,table,metric,comparison,mean,lo,hi,n,excludes_zero,reliable,gap_frames,n_gaps,invalid,success,wrong_id,new_id,lost,reassoc_rate,wrong_id_rate,new_id_rate,lost_rate
Q1,b0,5.0,0.0,0.24757996567327195,73.5174620963651,67.00661749198346,81.19958548893251,82.88243693357252,72.12859520466012,1.0,S1_bin_means,,,,,,,,,,,,,,,,,,,
Q1,b1,5.0,0.0,0.24757996567327195,74.12908017177932,67.15150777329409,82.25568523924382,84.07202801163945,71.99066417017735,0.0,S1_bin_means,,,,,,,,,,,,,,,,,,,
Q1,b2,5.0,0.0,0.24757996567327195,73.51977343975523,67.08167054198302,81.1137870620787,82.64440774864215,71.71480210121183,1.0,S1_bin_means,,,,,,,,,,,,,,,,,,,
Q1,b3,5.0,0.0,0.24757996567327195,74.06842928503842,67.18556539991972,82.08779617105743,84.07202801163945,72.12859520466012,1.0,S1_bin_means,,,,,,,,,,,,,,,,,,,
Q1,rca,5.0,0.0,0.24757996567327195,73.77426599727877,67.42114710981507,81.23436128522799,83.12930251646455,72.80959067977324,1.0,S1_bin_means,,,,,,,,,,,,,,,,,,,
Q2,b0,5.0,0.21000000000000002,0.15990320629159105,76.66066017164064,73.1929907391108,80.50006914206722,89.18787643546442,79.98308270676691,1.0,S1_bin_means,,,,,,,,,,,,,,,,,,,
Q2,b1,5.0,0.21000000000000002,0.15990320629159105,76.93271019548521,73.51380258945295,80.82635660072633,89.2689765721941,80.24379915305505,1.0,S1_bin_means,,,,,,,,,,,,,,,,,,,
Q2,b2,5.0,0.21000000000000002,0.15990320629159105,76.03558317227048,72.53522411480934,79.97160693417773,88.29662657214472,78.79260651629072,2.0,S1_bin_means,,,,,,,,,,,,,,,,,,,
Q2,b3,5.0,0.21000000000000002,0.15990320629159105,76.85704988730896,73.28942474821342,80.91296485468793,89.51354428541842,80.35689439115029,2.0,S1_bin_means,,,,,,,,,,,,,,,,,,,
Q2,rca,5.0,0.21000000000000002,0.15990320629159105,76.4979024015045,73.45490492785139,79.90445641211353,88.48259482863658,79.32897977702878,3.0,S1_bin_means,,,,,,,,,,,,,,,,,,,
Q3,b0,5.0,1.5150000000000001,0.242083309946468,72.51033043753397,68.3701358837496,77.24995977049646,83.15316742930683,73.12450591464815,19.0,S1_bin_means,,,,,,,,,,,,,,,,,,,
Q3,b1,5.0,1.5150000000000001,0.242083309946468,71.47293808966552,68.3798573303731,75.16726964703528,81.28654903632584,72.58932344446376,21.0,S1_bin_means,,,,,,,,,,,,,,,,,,,
Q3,b2,5.0,1.5150000000000001,0.242083309946468,73.32917322797252,69.12914095325289,78.12608563667997,83.81272120684561,73.57499311922517,14.0,S1_bin_means,,,,,,,,,,,,,,,,,,,
Q3,b3,5.0,1.5150000000000001,0.242083309946468,72.62350114599683,69.16710226369723,76.56495908793902,82.70631318880001,72.71809323993769,21.0,S1_bin_means,,,,,,,,,,,,,,,,,,,
Q3,rca,5.0,1.5150000000000001,0.242083309946468,73.67120024091514,69.68725284653947,78.12297402207119,83.78664619727915,74.38556010431772,14.0,S1_bin_means,,,,,,,,,,,,,,,,,,,
Q4,b0,5.0,6.534999999999999,0.42081290039208524,60.1911410751717,54.68225395765721,66.98654173458193,71.30443277106141,57.9568739321828,62.0,S1_bin_means,,,,,,,,,,,,,,,,,,,
Q4,b1,5.0,6.534999999999999,0.42081290039208524,58.00942545698693,54.38534743424816,62.83056936263392,67.43262147531156,56.090393438013635,79.0,S1_bin_means,,,,,,,,,,,,,,,,,,,
Q4,b2,5.0,6.534999999999999,0.42081290039208524,62.511015938169805,56.43260143853151,69.88325414020142,74.78432709733887,60.962292960646664,36.0,S1_bin_means,,,,,,,,,,,,,,,,,,,
Q4,b3,5.0,6.534999999999999,0.42081290039208524,60.51521862222243,55.85832288044638,66.26524275758531,72.0298922120484,59.444263137179405,45.0,S1_bin_means,,,,,,,,,,,,,,,,,,,
Q4,rca,5.0,6.534999999999999,0.42081290039208524,62.655620269481304,56.93446658453847,69.47114345419509,75.146345607646,60.68527573123636,23.0,S1_bin_means,,,,,,,,,,,,,,,,,,,
Q1,,,,,,,,,,,S1_paired_bootstrap,HOTA,rca-b1,-0.3548141745005381,-1.7530519206215445,0.6010272553674071,5.0,False,False,,,,,,,,,,,
Q1,,,,,,,,,,,S1_paired_bootstrap,AssA,rca-b1,-1.021323954015824,-3.499467901829459,0.4194149635594272,5.0,False,False,,,,,,,,,,,
Q1,,,,,,,,,,,S1_paired_bootstrap,IDF1,rca-b1,-0.9427254951748892,-3.6534030379503717,0.6521809220356314,5.0,False,False,,,,,,,,,,,
Q1,,,,,,,,,,,S1_paired_bootstrap,IDSW,rca-b1,0.2,0.0,0.6,5.0,False,False,,,,,,,,,,,
Q2,,,,,,,,,,,S1_paired_bootstrap,HOTA,rca-b1,-0.43480779398070696,-3.071029429073846,2.127126322707565,5.0,False,False,,,,,,,,,,,
Q2,,,,,,,,,,,S1_paired_bootstrap,AssA,rca-b1,-0.9219001886127984,-1.8458067399094689,0.0020063626838719983,5.0,False,False,,,,,,,,,,,
Q2,,,,,,,,,,,S1_paired_bootstrap,IDF1,rca-b1,-0.78638174355753,-3.595507767340564,2.022744280225504,5.0,False,False,,,,,,,,,,,
Q2,,,,,,,,,,,S1_paired_bootstrap,IDSW,rca-b1,0.4,0.0,0.8,5.0,False,False,,,,,,,,,,,
Q3,,,,,,,,,,,S1_paired_bootstrap,HOTA,rca-b1,2.198262151249625,-0.05373880200685903,4.030012684656856,5.0,False,False,,,,,,,,,,,
Q3,,,,,,,,,,,S1_paired_bootstrap,AssA,rca-b1,2.9557043750359155,-1.2759956040189593,6.625401956150173,5.0,False,False,,,,,,,,,,,
Q3,,,,,,,,,,,S1_paired_bootstrap,IDF1,rca-b1,2.5000971609533225,-0.9085757970447474,5.684803669112841,5.0,False,False,,,,,,,,,,,
Q3,,,,,,,,,,,S1_paired_bootstrap,IDSW,rca-b1,-1.4,-3.2,0.8,5.0,False,False,,,,,,,,,,,
Q4,,,,,,,,,,,S1_paired_bootstrap,HOTA,rca-b1,4.646194812494369,2.026011890648263,7.163518159705592,5.0,False,False,,,,,,,,,,,
Q4,,,,,,,,,,,S1_paired_bootstrap,AssA,rca-b1,6.640574091561173,2.424095938393622,10.510016238788786,5.0,False,False,,,,,,,,,,,
Q4,,,,,,,,,,,S1_paired_bootstrap,IDF1,rca-b1,7.7137241323344385,4.156770987783443,11.047781333722673,5.0,False,False,,,,,,,,,,,
Q4,,,,,,,,,,,S1_paired_bootstrap,IDSW,rca-b1,-11.2,-16.0,-6.2,5.0,False,False,,,,,,,,,,,
,b0,,,,,,,,,,S2_gap_injection,,,,,,,,,5.0,101.0,1.0,98.0,1.0,2.0,0.0,0.9702970297029703,0.009900990099009901,0.019801980198019802,0.0
,b0,,,,,,,,,,S2_gap_injection,,,,,,,,,15.0,96.0,3.0,81.0,1.0,14.0,0.0,0.84375,0.010416666666666666,0.14583333333333334,0.0
,b0,,,,,,,,,,S2_gap_injection,,,,,,,,,30.0,81.0,0.0,59.0,6.0,16.0,0.0,0.7283950617283951,0.07407407407407407,0.19753086419753085,0.0
,b0,,,,,,,,,,S2_gap_injection,,,,,,,,,60.0,18.0,0.0,2.0,3.0,13.0,0.0,0.1111111111111111,0.16666666666666666,0.7222222222222222,0.0
,b1,,,,,,,,,,S2_gap_injection,,,,,,,,,5.0,101.0,1.0,87.0,12.0,2.0,0.0,0.8613861386138614,0.1188118811881188,0.019801980198019802,0.0
,b1,,,,,,,,,,S2_gap_injection,,,,,,,,,15.0,95.0,4.0,69.0,21.0,5.0,0.0,0.7263157894736842,0.22105263157894736,0.05263157894736842,0.0
,b1,,,,,,,,,,S2_gap_injection,,,,,,,,,30.0,81.0,0.0,52.0,26.0,3.0,0.0,0.6419753086419753,0.32098765432098764,0.037037037037037035,0.0
,b1,,,,,,,,,,S2_gap_injection,,,,,,,,,60.0,18.0,0.0,2.0,3.0,13.0,0.0,0.1111111111111111,0.16666666666666666,0.7222222222222222,0.0
,b2,,,,,,,,,,S2_gap_injection,,,,,,,,,5.0,101.0,1.0,101.0,0.0,0.0,0.0,1.0,0.0,0.0,0.0
,b2,,,,,,,,,,S2_gap_injection,,,,,,,,,15.0,96.0,3.0,86.0,4.0,6.0,0.0,0.8958333333333334,0.041666666666666664,0.0625,0.0
,b2,,,,,,,,,,S2_gap_injection,,,,,,,,,30.0,81.0,0.0,63.0,4.0,14.0,0.0,0.7777777777777778,0.04938271604938271,0.1728395061728395,0.0
,b2,,,,,,,,,,S2_gap_injection,,,,,,,,,60.0,18.0,0.0,2.0,3.0,13.0,0.0,0.1111111111111111,0.16666666666666666,0.7222222222222222,0.0
,b3,,,,,,,,,,S2_gap_injection,,,,,,,,,5.0,101.0,1.0,97.0,4.0,0.0,0.0,0.9603960396039604,0.039603960396039604,0.0,0.0
,b3,,,,,,,,,,S2_gap_injection,,,,,,,,,15.0,96.0,3.0,84.0,6.0,6.0,0.0,0.875,0.0625,0.0625,0.0
,b3,,,,,,,,,,S2_gap_injection,,,,,,,,,30.0,81.0,0.0,61.0,10.0,10.0,0.0,0.7530864197530864,0.12345679012345678,0.12345679012345678,0.0
,b3,,,,,,,,,,S2_gap_injection,,,,,,,,,60.0,18.0,0.0,3.0,3.0,12.0,0.0,0.16666666666666666,0.16666666666666666,0.6666666666666666,0.0
,rca,,,,,,,,,,S2_gap_injection,,,,,,,,,5.0,101.0,1.0,101.0,0.0,0.0,0.0,1.0,0.0,0.0,0.0
,rca,,,,,,,,,,S2_gap_injection,,,,,,,,,15.0,96.0,3.0,73.0,0.0,23.0,0.0,0.7604166666666666,0.0,0.23958333333333334,0.0
,rca,,,,,,,,,,S2_gap_injection,,,,,,,,,30.0,81.0,0.0,31.0,0.0,50.0,0.0,0.38271604938271603,0.0,0.6172839506172839,0.0
,rca,,,,,,,,,,S2_gap_injection,,,,,,,,,60.0,18.0,0.0,0.0,0.0,18.0,0.0,0.0,0.0,1.0,0.0
,rca_tau=0.0,,,,,,,,,,S2_operating_curve,,,,,,,,,5.0,101.0,1.0,86.0,12.0,3.0,0.0,0.8514851485148515,0.1188118811881188,0.0297029702970297,0.0
,rca_tau=0.0,,,,,,,,,,S2_operating_curve,,,,,,,,,15.0,94.0,5.0,76.0,16.0,2.0,0.0,0.8085106382978723,0.1702127659574468,0.02127659574468085,0.0
,rca_tau=0.0,,,,,,,,,,S2_operating_curve,,,,,,,,,30.0,81.0,0.0,45.0,31.0,5.0,0.0,0.5555555555555556,0.38271604938271603,0.06172839506172839,0.0
,rca_tau=0.0,,,,,,,,,,S2_operating_curve,,,,,,,,,60.0,18.0,0.0,2.0,4.0,12.0,0.0,0.1111111111111111,0.2222222222222222,0.6666666666666666,0.0
,rca_tau=0.05,,,,,,,,,,S2_operating_curve,,,,,,,,,5.0,101.0,1.0,101.0,0.0,0.0,0.0,1.0,0.0,0.0,0.0
,rca_tau=0.05,,,,,,,,,,S2_operating_curve,,,,,,,,,15.0,96.0,3.0,79.0,0.0,17.0,0.0,0.8229166666666666,0.0,0.17708333333333334,0.0
,rca_tau=0.05,,,,,,,,,,S2_operating_curve,,,,,,,,,30.0,81.0,0.0,42.0,0.0,39.0,0.0,0.5185185185185185,0.0,0.48148148148148145,0.0
,rca_tau=0.05,,,,,,,,,,S2_operating_curve,,,,,,,,,60.0,18.0,0.0,0.0,2.0,16.0,0.0,0.0,0.1111111111111111,0.8888888888888888,0.0
,rca_tau=0.1,,,,,,,,,,S2_operating_curve,,,,,,,,,5.0,101.0,1.0,101.0,0.0,0.0,0.0,1.0,0.0,0.0,0.0
,rca_tau=0.1,,,,,,,,,,S2_operating_curve,,,,,,,,,15.0,96.0,3.0,73.0,0.0,23.0,0.0,0.7604166666666666,0.0,0.23958333333333334,0.0
,rca_tau=0.1,,,,,,,,,,S2_operating_curve,,,,,,,,,30.0,81.0,0.0,31.0,0.0,50.0,0.0,0.38271604938271603,0.0,0.6172839506172839,0.0
,rca_tau=0.1,,,,,,,,,,S2_operating_curve,,,,,,,,,60.0,18.0,0.0,0.0,0.0,18.0,0.0,0.0,0.0,1.0,0.0
,rca_tau=0.2,,,,,,,,,,S2_operating_curve,,,,,,,,,5.0,100.0,2.0,99.0,0.0,1.0,0.0,0.99,0.0,0.01,0.0
,rca_tau=0.2,,,,,,,,,,S2_operating_curve,,,,,,,,,15.0,96.0,3.0,63.0,0.0,33.0,0.0,0.65625,0.0,0.34375,0.0
,rca_tau=0.2,,,,,,,,,,S2_operating_curve,,,,,,,,,30.0,81.0,0.0,16.0,0.0,65.0,0.0,0.19753086419753085,0.0,0.8024691358024691,0.0
,rca_tau=0.2,,,,,,,,,,S2_operating_curve,,,,,,,,,60.0,18.0,0.0,0.0,0.0,18.0,0.0,0.0,0.0,1.0,0.0
,rca_tau=0.3,,,,,,,,,,S2_operating_curve,,,,,,,,,5.0,100.0,2.0,98.0,0.0,2.0,0.0,0.98,0.0,0.02,0.0
,rca_tau=0.3,,,,,,,,,,S2_operating_curve,,,,,,,,,15.0,96.0,3.0,52.0,0.0,44.0,0.0,0.5416666666666666,0.0,0.4583333333333333,0.0
,rca_tau=0.3,,,,,,,,,,S2_operating_curve,,,,,,,,,30.0,81.0,0.0,13.0,0.0,68.0,0.0,0.16049382716049382,0.0,0.8395061728395061,0.0
,rca_tau=0.3,,,,,,,,,,S2_operating_curve,,,,,,,,,60.0,18.0,0.0,0.0,0.0,18.0,0.0,0.0,0.0,1.0,0.0
,rca_tau=0.5,,,,,,,,,,S2_operating_curve,,,,,,,,,5.0,101.0,1.0,94.0,0.0,7.0,0.0,0.9306930693069307,0.0,0.06930693069306931,0.0
,rca_tau=0.5,,,,,,,,,,S2_operating_curve,,,,,,,,,15.0,97.0,2.0,33.0,0.0,64.0,0.0,0.3402061855670103,0.0,0.6597938144329897,0.0
,rca_tau=0.5,,,,,,,,,,S2_operating_curve,,,,,,,,,30.0,81.0,0.0,9.0,0.0,72.0,0.0,0.1111111111111111,0.0,0.8888888888888888,0.0
,rca_tau=0.5,,,,,,,,,,S2_operating_curve,,,,,,,,,60.0,18.0,0.0,0.0,0.0,18.0,0.0,0.0,0.0,1.0,0.0
