seq,w0,w1,method,kappa,occ_frac,density,HOTA,DetA,AssA,IDF1,MOTA,IDSW,bin
syn_story,1,40,b0,0.125,0.1625,4.0,77.4868810944136,76.74647891427979,78.23934096714179,92.05298013245033,85.0,0,Q2
syn_story,1,40,b1,0.125,0.1625,4.0,78.71214817477889,77.82956046741268,79.61224777564128,92.35880398671097,85.625,0,Q2
syn_story,1,40,b2,0.125,0.1625,4.0,78.10027872309048,77.27847504327636,78.93767211127901,92.0,85.0,0,Q2
syn_story,1,40,b3,0.125,0.1625,4.0,77.4868810944136,76.74647891427979,78.23934096714179,92.05298013245033,85.0,0,Q2
syn_story,1,40,rca,0.125,0.1625,4.0,78.71214817477889,77.82956046741268,79.61224777564128,92.35880398671097,85.625,0,Q2
syn_story,41,80,b0,0.1,0.0875,4.0,76.60270342537166,73.57962775321081,80.01810309275375,89.03225806451613,78.75,0,Q2
syn_story,41,80,b1,0.1,0.0875,4.0,79.47253604309786,77.78838129211692,81.29507086641695,91.96141479099678,84.375,0,Q2
syn_story,41,80,b2,0.1,0.0875,4.0,74.33408686865452,70.52052190201428,78.88023803778664,86.36363636363636,73.75,0,Q2
syn_story,41,80,b3,0.1,0.0875,4.0,79.45311417070238,77.76976219455047,81.27524356151395,91.96141479099678,84.375,0,Q2
syn_story,41,80,rca,0.1,0.0875,4.0,74.35415366130812,70.53896139413798,78.89957549151487,86.36363636363636,73.75,0,Q2
syn_story,81,120,b0,0.0,0.19310344827586207,3.625,70.89792438659107,71.42449017730851,70.50190361829279,81.04089219330855,76.55172413793103,1,Q1
syn_story,81,120,b1,0.0,0.19310344827586207,3.625,73.59662824426603,71.54784217483714,75.80509794791726,86.98884758364312,75.86206896551724,0,Q1
syn_story,81,120,b2,0.0,0.19310344827586207,3.625,70.21515501757271,70.83387004520057,69.80573577594679,79.85074626865672,74.48275862068965,1,Q1
syn_story,81,120,b3,0.0,0.19310344827586207,3.625,73.33229139303417,71.76627189746027,74.99161998692131,86.98884758364312,76.55172413793103,1,Q1
syn_story,81,120,rca,0.0,0.19310344827586207,3.625,70.52890480697592,71.26750055106088,69.95925054801603,80.75471698113208,76.55172413793103,1,Q1
syn_story,121,150,b0,0.0,0.35,4.0,66.55770857981025,56.811538328293366,78.0242807778697,78.39195979899498,64.16666666666666,0,Q1
syn_story,121,150,b1,0.0,0.35,4.0,67.39615208601542,57.90416571912863,78.45459487505626,78.39195979899498,64.16666666666666,0,Q1
syn_story,121,150,b2,0.0,0.35,4.0,67.25203466577926,57.77742371039907,78.29145648594657,78.39195979899498,64.16666666666666,0,Q1
syn_story,121,150,b3,0.0,0.35,4.0,67.35723450354274,57.85602412963367,78.42862749512032,78.39195979899498,64.16666666666666,0,Q1
syn_story,121,150,rca,0.0,0.35,4.0,67.25203466577926,57.77742371039907,78.29145648594657,78.39195979899498,64.16666666666666,0,Q1
syn_val_06_distinct,1,40,b0,0.0,0.38333333333333336,6.0,64.56412052508239,54.061102718500706,77.8335039221101,73.60774818401937,54.58333333333334,0,Q1
syn_val_06_distinct,1,40,b1,0.0,0.38333333333333336,6.0,64.56412052508239,54.061102718500706,77.8335039221101,73.60774818401937,54.58333333333334,0,Q1
syn_val_06_distinct,1,40,b2,0.0,0.38333333333333336,6.0,64.56412052508239,54.061102718500706,77.8335039221101,73.60774818401937,54.58333333333334,0,Q1
syn_val_06_distinct,1,40,b3,0.0,0.38333333333333336,6.0,64.56412052508239,54.061102718500706,77.8335039221101,73.60774818401937,54.58333333333334,0,Q1
syn_val_06_distinct,1,40,rca,0.0,0.38333333333333336,6.0,65.14614865408116,54.851246579952004,78.03684500177619,74.6928746928747,57.08333333333333,0,Q1
syn_val_06_distinct,41,80,b0,0.3,0.18859649122807018,5.7,76.06371669001952,71.11841860947457,81.58451644227395,88.3177570093458,78.0701754385965,0,Q2
syn_val_06_distinct,41,80,b1,0.3,0.18859649122807018,5.7,74.05025119112133,66.93328836145889,82.63614090360079,85.31468531468532,72.36842105263158,0,Q2
syn_val_06_distinct,41,80,b2,0.3,0.18859649122807018,5.7,76.06371669001952,71.11841860947457,81.58451644227395,88.3177570093458,78.0701754385965,0,Q2
syn_val_06_distinct,41,80,b3,0.3,0.18859649122807018,5.7,74.05025119112133,66.93328836145889,82.63614090360079,85.31468531468532,72.36842105263158,0,Q2
syn_val_06_distinct,41,80,rca,0.3,0.18859649122807018,5.7,77.89589529194714,75.00803525856713,80.93017089227355,89.52380952380952,80.70175438596492,0,Q2
syn_val_06_distinct,81,120,b0,0.0,0.14479638009049775,5.525,82.78135473160698,77.13578532404793,88.98257903834613,91.21140142517815,83.2579185520362,0,Q1
syn_val_06_distinct,81,120,b1,0.0,0.14479638009049775,5.525,82.302297744798,76.64425734223715,88.52956936309158,91.21140142517815,83.2579185520362,0,Q1
syn_val_06_distinct,81,120,b2,0.0,0.14479638009049775,5.525,82.78135473160698,77.13578532404793,88.98257903834613,91.21140142517815,83.2579185520362,0,Q1
syn_val_06_distinct,81,120,b3,0.0,0.14479638009049775,5.525,82.302297744798,76.64425734223715,88.52956936309158,91.21140142517815,83.2579185520362,0,Q1
syn_val_06_distinct,81,120,rca,0.0,0.14479638009049775,5.525,83.1580396008228,77.60939379589661,89.2285943023573,91.64677804295943,84.16289592760181,0,Q1
syn_val_06_distinct,121,160,b0,0.0,0.16666666666666666,6.0,82.78620225873478,75.6001709117668,90.65566008804389,90.16018306636155,82.08333333333333,0,Q1
syn_val_06_distinct,121,160,b1,0.0,0.16666666666666666,6.0,82.78620225873478,75.6001709117668,90.65566008804389,90.16018306636155,82.08333333333333,0,Q1
syn_val_06_distinct,121,160,b2,0.0,0.16666666666666666,6.0,82.78620225873478,75.6001709117668,90.65566008804389,90.16018306636155,82.08333333333333,0,Q1
syn_val_06_distinct,121,160,b3,0.0,0.16666666666666666,6.0,82.78620225873478,75.6001709117668,90.65566008804389,90.16018306636155,82.08333333333333,0,Q1
syn_val_06_distinct,121,160,rca,0.0,0.16666666666666666,6.0,82.78620225873478,75.6001709117668,90.65566008804389,90.16018306636155,82.08333333333333,0,Q1
syn_val_12_mixed,1,40,b0,0.125,0.1761904761904762,10.5,76.61650286493055,73.07435227532709,80.44883798078351,88.18297331639135,79.52380952380953,1,Q2
syn_val_12_mixed,1,40,b1,0.125,0.1761904761904762,10.5,76.0086760612528,73.2976166609228,78.93748258646076,87.64331210191082,79.04761904761905,1,Q2
syn_val_12_mixed,1,40,b2,0.125,0.1761904761904762,10.5,75.73636399127452,73.09979039807178,78.58873075897266,86.4795918367347,78.57142857142857,2,Q2
syn_val_12_mixed,1,40,b3,0.125,0.1761904761904762,10.5,76.74661615107357,73.11032627013729,80.69154073243473,89.171974522293,80.23809523809524,2,Q2
syn_val_12_mixed,1,40,rca,0.125,0.1761904761904762,10.5,77.34713422583582,75.34215070354169,79.45554995671479,88.49104859335038,80.95238095238095,2,Q2
syn_val_12_mixed,41,80,b0,0.4,0.18472906403940886,10.15,76.53349678346791,71.44607614326168,82.2095472273831,88.35341365461848,78.57142857142857,0,Q2
syn_val_12_mixed,41,80,b1,0.4,0.18472906403940886,10.15,76.41993950717521,71.72016616535345,81.65084087151185,89.06666666666666,79.80295566502463,0,Q2
syn_val_12_mixed,41,80,b2,0.4,0.18472906403940886,10.15,75.94346958831339,70.65891462120973,81.86687732057635,88.32214765100672,78.57142857142857,0,Q2
syn_val_12_mixed,41,80,b3,0.4,0.18472906403940886,10.15,76.5483868292339,71.88726800064069,81.72255810874834,89.06666666666666,79.80295566502463,0,Q2
syn_val_12_mixed,41,80,rca,0.4,0.18472906403940886,10.15,74.1801806536526,68.55581681559741,80.62473794442315,85.67567567567568,75.61576354679804,1,Q2
syn_val_12_mixed,81,120,b0,1.475,0.2589073634204275,10.525,70.43386149460594,67.7022789741686,73.64321669595617,84.04669260700389,75.05938242280286,4,Q3
syn_val_12_mixed,81,120,b1,1.475,0.2589073634204275,10.525,69.18321239181829,68.19463281462926,70.62830186475311,80.98318240620958,75.29691211401426,5,Q3
syn_val_12_mixed,81,120,b2,1.475,0.2589073634204275,10.525,71.77572690980578,69.05588175016322,74.90612438576896,86.23376623376623,75.29691211401426,4,Q3
syn_val_12_mixed,81,120,b3,1.475,0.2589073634204275,10.525,71.82178190176694,69.1030503872752,74.94824038651004,86.23376623376623,75.29691211401426,4,Q3
syn_val_12_mixed,81,120,rca,1.475,0.2589073634204275,10.525,73.30951372405204,68.84950545367708,78.34513585123533,84.59530026109661,75.05938242280286,3,Q3
syn_val_12_mixed,121,160,b0,1.85,0.27291666666666664,12.0,73.0901733415047,70.49059522368971,75.89707914312197,81.22171945701358,74.79166666666667,5,Q3
syn_val_12_mixed,121,160,b1,1.85,0.27291666666666664,12.0,74.09891938420024,71.14862565217588,77.3211740592866,83.05274971941638,75.41666666666667,3,Q3
syn_val_12_mixed,121,160,b2,1.85,0.27291666666666664,12.0,74.13793056912816,71.86116680268687,76.58920598319924,82.48587570621469,76.25,3,Q3
syn_val_12_mixed,121,160,b3,1.85,0.27291666666666664,12.0,73.36797091756715,70.78469768038337,76.14561739439371,81.40589569160997,75.0,4,Q3
syn_val_12_mixed,121,160,rca,1.85,0.27291666666666664,12.0,75.8283942729824,71.63333994666975,80.40591763964906,86.78815489749431,75.83333333333333,0,Q3
syn_val_18_similar,1,40,b0,3.0,0.3113342898134864,17.425,69.81566571550711,62.275041065906734,78.76550637670228,81.73228346456693,67.14490674318508,1,Q4
syn_val_18_similar,1,40,b1,3.0,0.3113342898134864,17.425,67.00342699251564,61.82625141013963,73.39324804282845,77.27272727272727,65.99713055954088,5,Q4
syn_val_18_similar,1,40,b2,3.0,0.3113342898134864,17.425,69.84085016091525,63.392561984940755,77.34431610114444,81.17088607594937,68.57962697274031,1,Q4
syn_val_18_similar,1,40,b3,3.0,0.3113342898134864,17.425,69.40083740330802,62.6517460188432,77.43467214785323,80.94861660079052,67.2883787661406,3,Q4
syn_val_18_similar,1,40,rca,3.0,0.3113342898134864,17.425,67.8860770129313,63.32432351211504,73.21663614612866,81.36399682791435,68.86657101865137,2,Q4
syn_val_18_similar,41,80,b0,2.075,0.25742574257425743,15.15,72.88553161558636,67.31308825007021,79.3276672010089,84.2756183745583,70.79207920792079,1,Q3
syn_val_18_similar,41,80,b1,2.075,0.25742574257425743,15.15,68.44932615475736,66.53184644554048,70.93876478536963,77.95414462081129,69.3069306930693,4,Q3
syn_val_18_similar,41,80,b2,2.075,0.25742574257425743,15.15,71.55963696606081,65.53591002414015,78.61547067885645,83.7958818263205,71.78217821782178,2,Q3
syn_val_18_similar,41,80,b3,2.075,0.25742574257425743,15.15,71.07164409869333,67.39414421591438,75.42390542637118,82.40495137046861,70.46204620462046,2,Q3
syn_val_18_similar,41,80,rca,2.075,0.25742574257425743,15.15,73.16976230132518,68.56733857201915,78.24306389908162,85.74023614895549,76.23762376237624,3,Q3
syn_val_18_similar,81,120,b0,1.2,0.18995290423861852,15.925,75.1241663556994,69.70981720036197,81.2813017817423,87.77219430485762,78.64992150706436,6,Q3
syn_val_18_similar,81,120,b1,1.2,0.18995290423861852,15.925,71.82975950570642,69.01282931769553,75.18655957444696,83.11036789297658,76.45211930926217,8,Q3
syn_val_18_similar,81,120,b2,1.2,0.18995290423861852,15.925,77.08981120181116,71.68269896606864,83.11337589056379,88.57142857142857,78.64992150706436,2,Q3
syn_val_18_similar,81,120,b3,1.2,0.18995290423861852,15.925,76.42917515085801,71.51550387004063,81.9227525447808,87.43718592964824,77.08006279434852,6,Q3
syn_val_18_similar,81,120,rca,1.2,0.18995290423861852,15.925,74.28634797138756,71.83128751407378,77.03766593328473,84.44070647603027,78.1789638932496,4,Q3
syn_val_18_similar,121,160,b0,0.975,0.23121387283236994,17.3,71.01791938027344,66.63489977045745,76.10053403065297,78.44961240310077,66.32947976878613,3,Q3
syn_val_18_similar,121,160,b1,0.975,0.23121387283236994,17.3,73.8034730118453,67.01135242182434,81.76154795132007,81.33230054221534,66.47398843930637,1,Q3
syn_val_18_similar,121,160,b2,0.975,0.23121387283236994,17.3,72.08276049305672,67.51004722320556,77.40625124501143,77.97665369649805,65.89595375722543,3,Q3
syn_val_18_similar,121,160,b3,0.975,0.23121387283236994,17.3,70.42693366109869,67.03811516487258,74.38427968763935,76.049766718507,65.7514450867052,5,Q3
syn_val_18_similar,121,160,rca,0.975,0.23121387283236994,17.3,71.76198293482857,67.55479274625756,76.58308678710522,77.3688332028191,66.61849710982659,4,Q3
syn_val_24_uniform,1,40,b0,6.6,0.4589989350372737,23.475,55.00061848551929,49.625469016638554,61.752780274315,67.12328767123287,51.43769968051119,20,Q4
syn_val_24_uniform,1,40,b1,6.6,0.4589989350372737,23.475,48.38270722371752,46.647668606178236,51.07680728421803,57.03703703703704,45.68690095846646,28,Q4
syn_val_24_uniform,1,40,b2,6.6,0.4589989350372737,23.475,58.11200686008904,51.11232160626402,66.73762942130217,71.91011235955057,55.697550585729495,10,Q4
syn_val_24_uniform,1,40,b3,6.6,0.4589989350372737,23.475,56.21376937481968,50.5030743117769,63.10909135741824,69.9501246882793,53.46112886048988,9,Q4
syn_val_24_uniform,1,40,rca,6.6,0.4589989350372737,23.475,57.76671667607096,52.62390594852313,63.90704499226884,70.15113350125945,53.03514376996805,9,Q4
syn_val_24_uniform,41,80,b0,7.5,0.45756880733944955,21.8,60.20548574584815,56.32002687559379,65.2281047753204,69.50261780104712,59.403669724770644,10,Q4
syn_val_24_uniform,41,80,b1,7.5,0.45756880733944955,21.8,54.99227773799555,53.77551383216259,57.56064015841852,62.88659793814433,54.701834862385326,19,Q4
syn_val_24_uniform,41,80,b2,7.5,0.45756880733944955,21.8,60.5582142716255,55.931872055743796,66.43488590533848,72.61982928430729,59.74770642201834,8,Q4
syn_val_24_uniform,41,80,b3,7.5,0.45756880733944955,21.8,58.619805746373935,56.30184790842456,62.09887679708454,70.6266318537859,60.55045871559632,10,Q4
syn_val_24_uniform,41,80,rca,7.5,0.45756880733944955,21.8,61.646536336907495,56.31376858419072,68.03820455832546,74.43105756358769,61.92660550458715,4,Q4
syn_val_24_uniform,81,120,b0,7.375,0.394919168591224,21.65,60.11235510478128,54.37229030961872,67.06454966598379,72.24080267558529,59.815242494226325,13,Q4
syn_val_24_uniform,81,120,b1,7.375,0.394919168591224,21.65,59.219346632307705,55.87470801465167,63.524632405735645,72.31788079470199,61.547344110854496,13,Q4
syn_val_24_uniform,81,120,b2,7.375,0.394919168591224,21.65,64.31136168798413,57.16595267410254,73.04094755318053,78.05851063829788,64.08775981524249,7,Q4
syn_val_24_uniform,81,120,b3,7.375,0.394919168591224,21.65,62.54091198141465,56.749601454238395,69.56024757460551,74.44963308872582,62.00923787528869,8,Q4
syn_val_24_uniform,81,120,rca,7.375,0.394919168591224,21.65,62.96040132830488,56.65762263241232,70.5543164406314,75.1004016064257,60.96997690531178,6,Q4
syn_val_24_uniform,121,160,b0,8.2,0.4812433011789925,23.325,55.821580324202635,50.81844252052829,62.12176758058817,65.92317224287484,51.9828510182208,18,Q4
syn_val_24_uniform,121,160,b1,8.2,0.4812433011789925,23.325,60.44936869839827,53.80259530810866,68.59751892196894,67.6488643339472,52.518756698821,14,Q4
syn_val_24_uniform,121,160,b2,8.2,0.4812433011789925,23.325,59.732646710235095,54.56029887160646,65.85849172004148,70.16229712858926,56.69882100750267,10,Q4
syn_val_24_uniform,121,160,b3,8.2,0.4812433011789925,23.325,55.80076860519586,53.08534470894885,59.12332591096505,64.17445482866043,53.91211146838156,15,Q4
syn_val_24_uniform,121,160,rca,8.2,0.4812433011789925,23.325,63.01836999319189,55.752712245451164,71.63951513362109,74.68513853904282,58.62808145766345,2,Q4
